UserName,ModuleID,OrderID
admin,66,1
almstrum,135,1
almstrum,148,2
almstrum,151,2
almstrum,177,2
almstrum,178,1
bagert,142,1
bagert,153,1
burrise,153,2
changliu,123,1
changliu,147,1
changliu,149,1
changliu,161,1
chaw,150,2
chenoweth,130,1
chenoweth,131,1
chenoweth,133,1
chenoweth,149,3
damsabum,143,3
davec,153,3
davec,176,1
dsanders44,150,4
frezza001,126,1
frezza001,144,2
frezza001,145,1
frezza001,146,2
frezza001,157,1
frezza001,158,2
frezza001,163,2
frezza001,164,1
frezza001,165,1
hankley,136,1
hankley,167,3
HeidiEllis,167,2
hislop,80,1
hislop,82,1
jvallino,138,1
jvallino,139,1
jvallino,167,1
markardis,148,1
markardis,151,1
markardis,177,1
mbattig,127,1
mbattig,159,1
mengel,109,1
mlutz,79,1
mmccracken,111,1
noll,85,1
pgrabow,144,1
pgrabow,145,2
pgrabow,146,1
pgrabow,157,2
pgrabow,158,1
pgrabow,162,1
pgrabow,163,1
pgrabow,164,2
pgrabow,165,2
pgrabow,166,1
pkb7639,188,1
pmm1626,51,1
pmm1626,53,1
pmm1626,55,1
pmm1626,56,1
pmm1626,57,1
pmm1626,58,1
pmm1626,59,1
pmm1626,60,1
pmm1626,63,1
pmm1626,64,1
pmm1626,70,1
rowemi,128,1
rowemi,134,1
rowemi,143,2
rowemi,160,1
sebern,83,1
sebern,104,1
sebern,116,1
smitchel,137,1
smitchel,150,3
ssedighs,144,3
ssedighs,145,3
ssedighs,146,3
ssedighs,157,3
ssedighs,158,3
ssedighs,163,3
ssedighs,164,3
ssedighs,165,3
suri,149,4
SusanLincke,129,1
SusanLincke,149,2
testaccount,59,2
thilburn,78,1
thilburn,84,1
thilburn,86,1
thilburn,87,1
thilburn,91,1
thilburn,106,1
thilburn,110,1
thilburn,115,1
thilburn,125,1
tomhorton,150,1
towhid,122,1
towhid,143,1
vanhilst,153,4
wallace,159,2
wellington,189,1
